{"cameraMode":{"drawMode":0,"name":"Shaded","section":"Shading Mode"},"sceneLighting":false,"audioPlay":false,"sceneViewState":{"m_AlwaysRefresh":false,"showFog":true,"showSkybox":false,"showFlares":true,"showImageEffects":true,"showParticleSystems":true,"showVisualEffectGraphs":true,"m_FxEnabled":true},"in2DMode":false,"pivot":{"x":0.4877825081348419,"y":1.6001136302947999,"z":11.735366821289063},"rotation":{"x":0.01084580272436142,"y":-0.9844595193862915,"z":0.16240735352039338,"w":0.06565522402524948},"size":6.963261604309082,"orthographic":false}