{"cameraMode":{"drawMode":0,"name":"Shaded","section":"Shading Mode"},"sceneLighting":false,"audioPlay":false,"sceneViewState":{"m_AlwaysRefresh":false,"showFog":true,"showSkybox":false,"showFlares":true,"showImageEffects":true,"showParticleSystems":true,"showVisualEffectGraphs":true,"m_FxEnabled":true},"in2DMode":false,"pivot":{"x":3.515897035598755,"y":5.062801837921143,"z":2.6381757259368898},"rotation":{"x":-0.21975667774677277,"y":0.22786478698253632,"z":-0.052856817841529849,"w":-0.9470748901367188},"size":6.002363204956055,"orthographic":false}